"date","pagePath","deviceCategory","sessions","engagedSessions","engagementRate","avgSessionDuration","pagesPerSession","newUsers","totalUsers","bounceRate"
"2026-06-29","/","desktop","223","139","62.33","141.9","1.25","86","180","37.67"
"2026-06-29","/","mobile","1668","676","40.53","59.5","1.18","1000","1572","59.47"
"2026-06-29","/checkout/cart","desktop","12","12","100.00","293.2","3.50","1","11","0.00"
"2026-06-29","/checkout/cart","mobile","295","288","97.63","67.1","1.29","2","271","2.37"
"2026-06-29","/collections/all-rings","desktop","5","2","40.00","6.1","1.00","2","5","60.00"
"2026-06-29","/collections/all-rings","mobile","272","84","30.88","31.6","1.10","147","267","69.12"
"2026-06-29","/collections/eterna","desktop","2","1","50.00","6.7","0.50","0","1","50.00"
"2026-06-29","/collections/eterna","mobile","4","4","100.00","12.1","1.00","0","2","0.00"
"2026-06-29","/products/corinthian-pave-diamond-mens-ring","desktop","1","1","100.00","0.0","1.00","0","1","0.00"
"2026-06-29","/products/corinthian-pave-diamond-mens-ring","mobile","29","22","75.86","64.9","1.31","18","27","24.14"
"2026-06-29","/products/paramount-pave-diamond-mens-ring","desktop","10","6","60.00","45.0","1.10","5","9","40.00"
"2026-06-29","/products/paramount-pave-diamond-mens-ring","mobile","322","195","60.56","70.6","1.22","230","310","39.44"
"2026-06-30","/","desktop","231","151","65.37","132.7","1.16","67","175","34.63"
"2026-06-30","/","mobile","1662","817","49.16","71.2","1.25","900","1536","50.84"
"2026-06-30","/checkout/cart","desktop","16","14","87.50","137.0","1.50","1","14","12.50"
"2026-06-30","/checkout/cart","mobile","329","322","97.87","59.8","1.40","5","297","2.13"
"2026-06-30","/collections/all-rings","desktop","2","2","100.00","166.6","2.50","0","1","0.00"
"2026-06-30","/collections/all-rings","mobile","240","75","31.25","36.0","1.12","130","237","68.75"
"2026-06-30","/collections/eterna","desktop","3","2","66.67","92.5","1.00","2","3","33.33"
"2026-06-30","/collections/eterna","mobile","5","5","100.00","42.0","1.20","0","5","0.00"
"2026-06-30","/products/corinthian-pave-diamond-mens-ring","mobile","53","35","66.04","72.6","1.19","30","51","33.96"
"2026-06-30","/products/paramount-pave-diamond-mens-ring","desktop","7","5","71.43","85.6","1.00","5","6","28.57"
"2026-06-30","/products/paramount-pave-diamond-mens-ring","mobile","283","187","66.08","58.8","1.14","210","271","33.92"
"2026-07-01","/","desktop","224","164","73.21","236.1","1.37","67","157","26.79"
"2026-07-01","/","mobile","1611","800","49.66","75.4","1.22","833","1483","50.34"
"2026-07-01","/checkout/cart","desktop","24","21","87.50","232.9","1.88","0","20","12.50"
"2026-07-01","/checkout/cart","mobile","306","295","96.41","54.1","1.60","1","273","3.59"
"2026-07-01","/collections/all-rings","desktop","18","8","44.44","47.1","1.00","11","17","55.56"
"2026-07-01","/collections/all-rings","mobile","258","85","32.95","36.3","1.12","149","252","67.05"
"2026-07-01","/collections/eterna","desktop","2","2","100.00","21.9","1.00","0","2","0.00"
"2026-07-01","/collections/eterna","mobile","4","3","75.00","14.6","1.00","0","3","25.00"
"2026-07-01","/products/corinthian-pave-diamond-mens-ring","mobile","34","27","79.41","31.7","1.24","18","34","20.59"
"2026-07-01","/products/paramount-pave-diamond-mens-ring","desktop","7","4","57.14","24.2","0.71","4","7","42.86"
"2026-07-01","/products/paramount-pave-diamond-mens-ring","mobile","272","174","63.97","51.9","1.20","196","265","36.03"
"2026-07-02","/","desktop","268","179","66.79","178.4","1.19","60","180","33.21"
"2026-07-02","/","mobile","1744","815","46.73","83.8","1.22","918","1585","53.27"
"2026-07-02","/checkout/cart","desktop","17","17","100.00","66.9","1.47","0","15","0.00"
"2026-07-02","/checkout/cart","mobile","322","314","97.52","30.1","1.30","2","301","2.48"
"2026-07-02","/collections/all-rings","desktop","9","3","33.33","15.0","0.89","6","8","66.67"
"2026-07-02","/collections/all-rings","mobile","212","63","29.72","50.0","1.13","96","195","70.28"
"2026-07-02","/collections/eterna","desktop","3","3","100.00","376.6","1.33","0","3","0.00"
"2026-07-02","/collections/eterna","mobile","1","0","0.00","0.0","1.00","0","1","100.00"
"2026-07-02","/products/corinthian-pave-diamond-mens-ring","desktop","3","3","100.00","25.0","1.00","1","2","0.00"
"2026-07-02","/products/corinthian-pave-diamond-mens-ring","mobile","33","19","57.58","45.3","1.12","22","32","42.42"
"2026-07-02","/products/paramount-pave-diamond-mens-ring","desktop","12","8","66.67","43.8","1.17","5","10","33.33"
"2026-07-02","/products/paramount-pave-diamond-mens-ring","mobile","319","196","61.44","61.6","1.18","230","311","38.56"
"2026-07-03","/","desktop","198","125","63.13","172.3","1.36","62","156","36.87"
"2026-07-03","/","mobile","1647","803","48.76","88.8","1.24","843","1492","51.24"
"2026-07-03","/checkout/cart","desktop","23","19","82.61","138.4","1.57","0","19","17.39"
"2026-07-03","/checkout/cart","mobile","351","340","96.87","59.9","1.38","1","312","3.13"
"2026-07-03","/collections/all-rings","desktop","6","6","100.00","32.9","0.67","1","6","0.00"
"2026-07-03","/collections/all-rings","mobile","260","92","35.38","44.1","1.11","113","254","64.62"
"2026-07-03","/collections/eterna","mobile","2","2","100.00","41.3","1.00","0","2","0.00"
"2026-07-03","/products/corinthian-pave-diamond-mens-ring","desktop","1","1","100.00","251.9","1.00","0","1","0.00"
"2026-07-03","/products/corinthian-pave-diamond-mens-ring","mobile","49","34","69.39","42.2","1.33","23","47","30.61"
"2026-07-03","/products/paramount-pave-diamond-mens-ring","desktop","5","3","60.00","39.7","0.80","3","4","40.00"
"2026-07-03","/products/paramount-pave-diamond-mens-ring","mobile","301","182","60.47","50.6","1.20","231","293","39.53"
"2026-07-04","/","desktop","172","116","67.44","158.1","1.10","39","123","32.56"
"2026-07-04","/","mobile","1390","718","51.65","125.3","1.23","626","1238","48.35"
"2026-07-04","/checkout/cart","desktop","11","8","72.73","29.8","1.09","0","10","27.27"
"2026-07-04","/checkout/cart","mobile","330","320","96.97","47.1","1.36","4","304","3.03"
"2026-07-04","/collections/all-rings","mobile","183","84","45.90","55.0","1.23","84","172","54.10"
"2026-07-04","/collections/eterna","desktop","1","0","0.00","0.0","1.00","0","1","100.00"
"2026-07-04","/collections/eterna","mobile","3","3","100.00","80.0","2.00","0","3","0.00"
"2026-07-04","/products/corinthian-pave-diamond-mens-ring","mobile","71","51","71.83","110.3","1.32","39","67","28.17"
"2026-07-04","/products/paramount-pave-diamond-mens-ring","desktop","8","7","87.50","54.1","1.12","3","7","12.50"
"2026-07-04","/products/paramount-pave-diamond-mens-ring","mobile","285","169","59.30","45.6","1.18","217","280","40.70"
"2026-07-05","/","desktop","78","54","69.23","157.1","1.29","30","62","30.77"
"2026-07-05","/","mobile","1622","751","46.30","93.6","1.23","854","1477","53.70"
"2026-07-05","/checkout/cart","desktop","5","5","100.00","178.8","2.60","1","5","0.00"
"2026-07-05","/checkout/cart","mobile","290","283","97.59","49.2","1.34","5","278","2.41"
"2026-07-05","/collections/all-rings","desktop","2","2","100.00","16.7","1.00","1","2","0.00"
"2026-07-05","/collections/all-rings","mobile","208","73","35.10","43.1","1.18","108","199","64.90"
"2026-07-05","/products/corinthian-pave-diamond-mens-ring","desktop","2","0","0.00","5.0","1.00","2","2","100.00"
"2026-07-05","/products/corinthian-pave-diamond-mens-ring","mobile","73","49","67.12","87.0","1.23","44","72","32.88"
"2026-07-05","/products/paramount-pave-diamond-mens-ring","desktop","6","3","50.00","3.3","0.67","1","4","50.00"
"2026-07-05","/products/paramount-pave-diamond-mens-ring","mobile","341","222","65.10","63.9","1.16","244","328","34.90"
"2026-07-06","/","desktop","184","128","69.57","203.8","1.45","57","139","30.43"
"2026-07-06","/","mobile","1579","751","47.56","83.9","1.24","790","1410","52.44"
"2026-07-06","/checkout/cart","desktop","11","9","81.82","231.0","3.09","0","9","18.18"
"2026-07-06","/checkout/cart","mobile","294","290","98.64","66.8","1.34","2","267","1.36"
"2026-07-06","/collections/all-rings","desktop","1","1","100.00","1081.7","1.00","0","1","0.00"
"2026-07-06","/collections/all-rings","mobile","191","69","36.13","248.8","1.11","104","184","63.87"
"2026-07-06","/collections/eterna","mobile","2","2","100.00","44.7","1.50","0","2","0.00"
"2026-07-06","/products/corinthian-pave-diamond-mens-ring","mobile","83","53","63.86","71.2","1.17","58","82","36.14"
"2026-07-06","/products/paramount-pave-diamond-mens-ring","desktop","2","2","100.00","130.4","1.00","2","2","0.00"
"2026-07-06","/products/paramount-pave-diamond-mens-ring","mobile","241","156","64.73","74.3","1.19","166","233","35.27"
"2026-07-07","/","desktop","285","173","60.70","157.6","1.45","123","226","39.30"
"2026-07-07","/","mobile","1673","717","42.86","64.6","1.20","916","1531","57.14"
"2026-07-07","/checkout/cart","desktop","15","14","93.33","138.3","2.67","0","14","6.67"
"2026-07-07","/checkout/cart","mobile","314","307","97.77","45.7","1.28","5","296","2.23"
"2026-07-07","/collections/all-rings","mobile","213","60","28.17","29.0","1.09","124","212","71.83"
"2026-07-07","/collections/eterna","desktop","1","1","100.00","6.2","1.00","0","1","0.00"
"2026-07-07","/collections/eterna","mobile","2","2","100.00","89.3","2.00","0","2","0.00"
"2026-07-07","/products/corinthian-pave-diamond-mens-ring","desktop","4","2","50.00","9.9","1.00","3","4","50.00"
"2026-07-07","/products/corinthian-pave-diamond-mens-ring","mobile","124","81","65.32","66.1","1.21","84","119","34.68"
"2026-07-07","/products/paramount-pave-diamond-mens-ring","desktop","6","2","33.33","10.4","0.67","2","4","66.67"
"2026-07-07","/products/paramount-pave-diamond-mens-ring","mobile","364","217","59.62","50.6","1.18","260","344","40.38"
"2026-07-08","/","desktop","257","170","66.15","202.8","1.32","71","174","33.85"
"2026-07-08","/","mobile","1456","680","46.70","127.3","1.28","734","1331","53.30"
"2026-07-08","/checkout/cart","desktop","36","34","94.44","247.1","3.19","1","24","5.56"
"2026-07-08","/checkout/cart","mobile","329","322","97.87","53.8","1.32","3","305","2.13"
"2026-07-08","/collections/all-rings","desktop","2","2","100.00","2.5","1.00","0","1","0.00"
"2026-07-08","/collections/all-rings","mobile","268","74","27.61","20.8","1.07","135","262","72.39"
"2026-07-08","/collections/eterna","desktop","7","6","85.71","424.1","1.43","1","6","14.29"
"2026-07-08","/collections/eterna","mobile","1","1","100.00","19.7","1.00","0","1","0.00"
"2026-07-08","/products/corinthian-pave-diamond-mens-ring","desktop","4","3","75.00","337.7","1.00","3","4","25.00"
"2026-07-08","/products/corinthian-pave-diamond-mens-ring","mobile","126","103","81.75","49.6","1.22","91","123","18.25"
"2026-07-08","/products/paramount-pave-diamond-mens-ring","desktop","6","5","83.33","36.9","1.00","1","6","16.67"
"2026-07-08","/products/paramount-pave-diamond-mens-ring","mobile","381","200","52.49","52.5","1.17","298","369","47.51"
"2026-07-09","/","desktop","229","148","64.63","182.2","1.23","59","156","35.37"
"2026-07-09","/","mobile","1342","652","48.58","79.3","1.22","624","1211","51.42"
"2026-07-09","/checkout/cart","desktop","29","26","89.66","115.6","1.45","0","20","10.34"
"2026-07-09","/checkout/cart","mobile","306","297","97.06","35.8","1.42","3","279","2.94"
"2026-07-09","/collections/all-rings","mobile","208","75","36.06","41.4","1.12","108","205","63.94"
"2026-07-09","/collections/eterna","desktop","3","3","100.00","668.0","4.00","0","2","0.00"
"2026-07-09","/collections/eterna","mobile","6","4","66.67","41.9","1.17","0","5","33.33"
"2026-07-09","/products/corinthian-pave-diamond-mens-ring","desktop","3","2","66.67","36.9","1.00","2","3","33.33"
"2026-07-09","/products/corinthian-pave-diamond-mens-ring","mobile","254","173","68.11","76.8","1.31","186","247","31.89"
"2026-07-09","/products/paramount-pave-diamond-mens-ring","desktop","6","4","66.67","116.2","1.17","3","6","33.33"
"2026-07-09","/products/paramount-pave-diamond-mens-ring","mobile","458","294","64.19","75.4","1.20","320","438","35.81"
"2026-07-10","/","desktop","286","201","70.28","253.7","1.52","78","196","29.72"
"2026-07-10","/","mobile","1430","719","50.28","98.9","1.23","650","1289","49.72"
"2026-07-10","/checkout/cart","desktop","40","33","82.50","89.0","2.92","0","28","17.50"
"2026-07-10","/checkout/cart","mobile","321","309","96.26","49.5","1.25","7","289","3.74"
"2026-07-10","/collections/all-rings","desktop","1","1","100.00","0.0","1.00","0","1","0.00"
"2026-07-10","/collections/all-rings","mobile","228","89","39.04","36.1","1.18","110","219","60.96"
"2026-07-10","/collections/eterna","desktop","86","54","62.79","198.4","1.60","25","63","37.21"
"2026-07-10","/collections/eterna","mobile","292","205","70.21","88.6","1.23","91","286","29.79"
"2026-07-10","/products/corinthian-pave-diamond-mens-ring","desktop","1","1","100.00","37.6","1.00","0","1","0.00"
"2026-07-10","/products/corinthian-pave-diamond-mens-ring","mobile","157","100","63.69","79.6","1.22","114","154","36.31"
"2026-07-10","/products/paramount-pave-diamond-mens-ring","desktop","14","10","71.43","58.1","0.71","1","8","28.57"
"2026-07-10","/products/paramount-pave-diamond-mens-ring","mobile","324","205","63.27","71.5","1.18","237","319","36.73"
"2026-07-11","/","desktop","204","149","73.04","230.4","1.28","64","144","26.96"
"2026-07-11","/","mobile","1196","618","51.67","81.6","1.22","549","1079","48.33"
"2026-07-11","/checkout/cart","desktop","23","18","78.26","123.1","2.04","1","15","21.74"
"2026-07-11","/checkout/cart","mobile","270","264","97.78","39.8","1.28","4","254","2.22"
"2026-07-11","/collections/all-rings","desktop","6","0","0.00","5.7","1.00","6","6","100.00"
"2026-07-11","/collections/all-rings","mobile","230","77","33.48","28.5","1.16","124","215","66.52"
"2026-07-11","/collections/eterna","desktop","33","18","54.55","81.3","1.15","7","25","45.45"
"2026-07-11","/collections/eterna","mobile","822","516","62.77","103.1","1.32","216","759","37.23"
"2026-07-11","/products/corinthian-pave-diamond-mens-ring","desktop","7","7","100.00","244.1","1.00","5","7","0.00"
"2026-07-11","/products/corinthian-pave-diamond-mens-ring","mobile","234","164","70.09","60.5","1.19","180","230","29.91"
"2026-07-11","/products/paramount-pave-diamond-mens-ring","desktop","13","10","76.92","117.4","1.08","5","11","23.08"
"2026-07-11","/products/paramount-pave-diamond-mens-ring","mobile","309","205","66.34","56.5","1.12","215","305","33.66"
"2026-07-12","/","desktop","93","64","68.82","83.9","1.11","39","75","31.18"
"2026-07-12","/","mobile","1313","675","51.41","90.2","1.24","599","1174","48.59"
"2026-07-12","/checkout/cart","desktop","7","7","100.00","236.8","1.00","0","6","0.00"
"2026-07-12","/checkout/cart","mobile","311","297","95.50","38.2","1.32","2","287","4.50"
"2026-07-12","/collections/all-rings","desktop","1","1","100.00","5.0","1.00","0","1","0.00"
"2026-07-12","/collections/all-rings","mobile","190","66","34.74","37.7","1.14","102","187","65.26"
"2026-07-12","/collections/eterna","desktop","6","6","100.00","191.8","1.00","0","5","0.00"
"2026-07-12","/collections/eterna","mobile","920","545","59.24","63.7","1.25","305","858","40.76"
"2026-07-12","/products/corinthian-pave-diamond-mens-ring","desktop","3","3","100.00","90.9","1.00","2","3","0.00"
"2026-07-12","/products/corinthian-pave-diamond-mens-ring","mobile","271","185","68.27","77.3","1.23","209","262","31.73"
"2026-07-12","/products/paramount-pave-diamond-mens-ring","desktop","8","6","75.00","155.1","0.88","4","7","25.00"
"2026-07-12","/products/paramount-pave-diamond-mens-ring","mobile","341","232","68.04","84.9","1.26","238","333","31.96"
"2026-07-13","/","desktop","217","143","65.90","181.1","1.42","84","173","34.10"
"2026-07-13","/","mobile","1230","695","56.50","102.8","1.24","527","1111","43.50"
"2026-07-13","/checkout/cart","desktop","21","20","95.24","144.4","3.43","0","19","4.76"
"2026-07-13","/checkout/cart","mobile","268","257","95.90","66.4","1.36","3","249","4.10"
"2026-07-13","/collections/all-rings","mobile","219","79","36.07","72.8","1.11","117","210","63.93"
"2026-07-13","/collections/eterna","desktop","51","33","64.71","197.8","1.27","21","47","35.29"
"2026-07-13","/collections/eterna","mobile","905","576","63.65","77.6","1.29","233","838","36.35"
"2026-07-13","/products/corinthian-pave-diamond-mens-ring","desktop","9","6","66.67","49.4","0.78","3","7","33.33"
"2026-07-13","/products/corinthian-pave-diamond-mens-ring","mobile","273","182","66.67","68.6","1.22","225","267","33.33"
"2026-07-13","/products/paramount-pave-diamond-mens-ring","desktop","15","11","73.33","207.4","0.87","2","11","26.67"
"2026-07-13","/products/paramount-pave-diamond-mens-ring","mobile","288","177","61.46","66.9","1.14","199","282","38.54"
"2026-07-14","/","desktop","226","178","78.76","223.0","1.30","71","166","21.24"
"2026-07-14","/","mobile","1303","652","50.04","79.2","1.19","651","1189","49.96"
"2026-07-14","/checkout/cart","desktop","23","22","95.65","35.8","1.57","0","19","4.35"
"2026-07-14","/checkout/cart","mobile","294","287","97.62","46.8","1.31","3","276","2.38"
"2026-07-14","/collections/all-rings","desktop","2","1","50.00","5.4","1.00","1","2","50.00"
"2026-07-14","/collections/all-rings","mobile","190","50","26.32","30.0","1.13","114","187","73.68"
"2026-07-14","/collections/eterna","desktop","46","38","82.61","90.6","1.17","8","42","17.39"
"2026-07-14","/collections/eterna","mobile","792","512","64.65","112.5","1.40","117","725","35.35"
"2026-07-14","/products/corinthian-pave-diamond-mens-ring","desktop","5","4","80.00","79.2","1.00","5","5","20.00"
"2026-07-14","/products/corinthian-pave-diamond-mens-ring","mobile","309","207","66.99","59.7","1.17","241","299","33.01"
"2026-07-14","/products/paramount-pave-diamond-mens-ring","desktop","15","11","73.33","178.2","1.00","5","13","26.67"
"2026-07-14","/products/paramount-pave-diamond-mens-ring","mobile","233","152","65.24","66.8","1.11","160","226","34.76"
"2026-07-15","/","desktop","219","172","78.54","215.7","1.27","70","157","21.46"
"2026-07-15","/","mobile","1206","665","55.14","150.1","1.32","496","1076","44.86"
"2026-07-15","/checkout/cart","desktop","28","22","78.57","158.8","4.21","0","19","21.43"
"2026-07-15","/checkout/cart","mobile","305","295","96.72","44.1","1.53","4","283","3.28"
"2026-07-15","/collections/all-rings","desktop","2","0","0.00","3.0","1.00","0","2","100.00"
"2026-07-15","/collections/all-rings","mobile","180","55","30.56","35.4","1.12","99","173","69.44"
"2026-07-15","/collections/eterna","desktop","41","25","60.98","103.3","1.32","7","27","39.02"
"2026-07-15","/collections/eterna","mobile","828","550","66.43","76.6","1.36","165","777","33.57"
"2026-07-15","/products/corinthian-pave-diamond-mens-ring","desktop","6","6","100.00","51.5","1.00","2","6","0.00"
"2026-07-15","/products/corinthian-pave-diamond-mens-ring","mobile","274","177","64.60","73.3","1.23","210","265","35.40"
"2026-07-15","/products/paramount-pave-diamond-mens-ring","desktop","9","8","88.89","48.2","1.00","0","9","11.11"
"2026-07-15","/products/paramount-pave-diamond-mens-ring","mobile","272","186","68.38","64.3","1.20","195","264","31.62"
"2026-07-16","/","desktop","234","164","70.09","178.5","1.28","83","162","29.91"
"2026-07-16","/","mobile","1269","677","53.35","86.0","1.23","540","1160","46.65"
"2026-07-16","/checkout/cart","desktop","29","26","89.66","92.4","2.28","0","24","10.34"
"2026-07-16","/checkout/cart","mobile","349","338","96.85","42.2","1.51","4","322","3.15"
"2026-07-16","/collections/all-rings","desktop","1","1","100.00","5.9","1.00","0","1","0.00"
"2026-07-16","/collections/all-rings","mobile","112","36","32.14","32.6","1.11","58","105","67.86"
"2026-07-16","/collections/eterna","desktop","19","9","47.37","45.3","1.37","9","19","52.63"
"2026-07-16","/collections/eterna","mobile","866","535","61.78","70.5","1.26","198","807","38.22"
"2026-07-16","/products/corinthian-pave-diamond-mens-ring","desktop","6","3","50.00","19.9","0.83","5","5","50.00"
"2026-07-16","/products/corinthian-pave-diamond-mens-ring","mobile","304","202","66.45","53.6","1.23","233","294","33.55"
"2026-07-16","/products/paramount-pave-diamond-mens-ring","desktop","7","4","57.14","51.5","1.00","3","6","42.86"
"2026-07-16","/products/paramount-pave-diamond-mens-ring","mobile","250","171","68.40","49.8","1.21","165","247","31.60"
"2026-07-17","/","desktop","296","220","74.32","250.5","1.31","87","198","25.68"
"2026-07-17","/","mobile","1434","783","54.60","93.9","1.28","621","1291","45.40"
"2026-07-17","/checkout/cart","desktop","34","30","88.24","152.3","2.15","0","25","11.76"
"2026-07-17","/checkout/cart","mobile","375","366","97.60","51.3","1.45","3","349","2.40"
"2026-07-17","/collections/all-rings","desktop","4","4","100.00","22.3","1.75","1","4","0.00"
"2026-07-17","/collections/all-rings","mobile","120","51","42.50","54.7","1.12","62","119","57.50"
"2026-07-17","/collections/eterna","desktop","27","22","81.48","125.6","1.63","3","24","18.52"
"2026-07-17","/collections/eterna","mobile","866","561","64.78","81.3","1.35","154","809","35.22"
"2026-07-17","/products/corinthian-pave-diamond-mens-ring","desktop","4","1","25.00","9.6","1.00","3","4","75.00"
"2026-07-17","/products/corinthian-pave-diamond-mens-ring","mobile","315","212","67.30","62.6","1.19","247","306","32.70"
"2026-07-17","/products/paramount-pave-diamond-mens-ring","desktop","14","13","92.86","215.7","1.07","2","13","7.14"
"2026-07-17","/products/paramount-pave-diamond-mens-ring","mobile","295","195","66.10","49.5","1.15","208","291","33.90"
"2026-07-18","/","desktop","261","186","71.26","192.0","1.46","71","176","28.74"
"2026-07-18","/","mobile","1123","612","54.50","89.0","1.22","457","1007","45.50"
"2026-07-18","/checkout/cart","desktop","31","29","93.55","90.5","1.65","1","18","6.45"
"2026-07-18","/checkout/cart","mobile","330","322","97.58","44.9","1.47","2","307","2.42"
"2026-07-18","/collections/all-rings","desktop","3","3","100.00","132.3","1.00","0","2","0.00"
"2026-07-18","/collections/all-rings","mobile","152","56","36.84","16.0","1.26","93","149","63.16"
"2026-07-18","/collections/eterna","desktop","26","18","69.23","94.0","1.85","8","22","30.77"
"2026-07-18","/collections/eterna","mobile","770","486","63.12","79.1","1.26","137","716","36.88"
"2026-07-18","/products/corinthian-pave-diamond-mens-ring","desktop","6","6","100.00","15.7","1.00","4","6","0.00"
"2026-07-18","/products/corinthian-pave-diamond-mens-ring","mobile","338","205","60.65","55.5","1.21","265","325","39.35"
"2026-07-18","/products/paramount-pave-diamond-mens-ring","desktop","19","15","78.95","35.7","0.74","1","13","21.05"
"2026-07-18","/products/paramount-pave-diamond-mens-ring","mobile","296","201","67.91","72.0","1.18","214","290","32.09"
"2026-07-19","/","desktop","91","60","65.93","161.0","1.14","31","71","34.07"
"2026-07-19","/","mobile","1435","711","49.55","114.0","1.22","699","1320","50.45"
"2026-07-19","/checkout/cart","desktop","6","6","100.00","71.9","2.17","0","6","0.00"
"2026-07-19","/checkout/cart","mobile","355","344","96.90","42.6","1.53","2","329","3.10"
"2026-07-19","/collections/all-rings","desktop","1","1","100.00","15.5","3.00","0","1","0.00"
"2026-07-19","/collections/all-rings","mobile","143","49","34.27","16.5","1.17","74","140","65.73"
"2026-07-19","/collections/eterna","desktop","8","4","50.00","25.3","1.25","4","8","50.00"
"2026-07-19","/collections/eterna","mobile","897","549","61.20","92.4","1.28","226","824","38.80"
"2026-07-19","/products/corinthian-pave-diamond-mens-ring","desktop","7","4","57.14","61.3","0.86","4","6","42.86"
"2026-07-19","/products/corinthian-pave-diamond-mens-ring","mobile","391","252","64.45","71.2","1.19","284","372","35.55"
"2026-07-19","/products/paramount-pave-diamond-mens-ring","desktop","10","8","80.00","269.0","1.30","1","10","20.00"
"2026-07-19","/products/paramount-pave-diamond-mens-ring","mobile","365","246","67.40","85.3","1.22","259","347","32.60"
"2026-07-20","/","desktop","238","174","73.11","182.4","1.26","77","178","26.89"
"2026-07-20","/","mobile","1384","690","49.86","77.7","1.20","657","1266","50.14"
"2026-07-20","/checkout/cart","desktop","20","15","75.00","123.7","1.45","0","14","25.00"
"2026-07-20","/checkout/cart","mobile","339","331","97.64","35.4","1.38","3","319","2.36"
"2026-07-20","/collections/all-rings","desktop","2","1","50.00","123.3","1.50","1","2","50.00"
"2026-07-20","/collections/all-rings","mobile","167","56","33.53","64.4","1.08","83","161","66.47"
"2026-07-20","/collections/eterna","desktop","22","17","77.27","54.1","1.05","4","21","22.73"
"2026-07-20","/collections/eterna","mobile","849","532","62.66","81.6","1.33","246","798","37.34"
"2026-07-20","/products/corinthian-pave-diamond-mens-ring","desktop","8","7","87.50","93.1","1.00","5","8","12.50"
"2026-07-20","/products/corinthian-pave-diamond-mens-ring","mobile","371","242","65.23","60.9","1.18","288","364","34.77"
"2026-07-20","/products/paramount-pave-diamond-mens-ring","desktop","28","23","82.14","138.0","1.04","7","21","17.86"
"2026-07-20","/products/paramount-pave-diamond-mens-ring","mobile","351","224","63.82","47.1","1.14","244","337","36.18"
"2026-07-21","/","desktop","245","173","70.61","161.3","1.20","73","171","29.39"
"2026-07-21","/","mobile","1234","657","53.24","73.0","1.20","548","1133","46.76"
"2026-07-21","/checkout/cart","desktop","18","18","100.00","52.7","1.67","0","15","0.00"
"2026-07-21","/checkout/cart","mobile","318","313","98.43","47.5","1.34","2","295","1.57"
"2026-07-21","/collections/all-rings","desktop","1","1","100.00","24.7","1.00","0","1","0.00"
"2026-07-21","/collections/all-rings","mobile","88","32","36.36","51.1","1.11","42","83","63.64"
"2026-07-21","/collections/eterna","desktop","78","41","52.56","130.0","1.46","29","65","47.44"
"2026-07-21","/collections/eterna","mobile","915","559","61.09","83.3","1.23","274","862","38.91"
"2026-07-21","/products/corinthian-pave-diamond-mens-ring","desktop","9","6","66.67","62.1","1.00","4","8","33.33"
"2026-07-21","/products/corinthian-pave-diamond-mens-ring","mobile","370","227","61.35","61.1","1.18","278","355","38.65"
"2026-07-21","/products/paramount-pave-diamond-mens-ring","desktop","17","12","70.59","160.8","1.00","1","13","29.41"
"2026-07-21","/products/paramount-pave-diamond-mens-ring","mobile","322","202","62.73","62.5","1.15","222","313","37.27"
"2026-07-22","/","desktop","223","150","67.26","152.7","1.22","71","164","32.74"
"2026-07-22","/","mobile","1039","603","58.04","99.4","1.25","380","927","41.96"
"2026-07-22","/checkout/cart","desktop","11","11","100.00","217.2","1.64","0","10","0.00"
"2026-07-22","/checkout/cart","mobile","338","326","96.45","36.9","1.30","1","308","3.55"
"2026-07-22","/collections/all-rings","mobile","104","36","34.62","39.7","1.12","56","97","65.38"
"2026-07-22","/collections/eterna","desktop","15","11","73.33","172.3","0.93","3","13","26.67"
"2026-07-22","/collections/eterna","mobile","796","485","60.93","144.2","1.27","164","743","39.07"
"2026-07-22","/products/corinthian-pave-diamond-mens-ring","desktop","14","10","71.43","41.6","1.07","5","11","28.57"
"2026-07-22","/products/corinthian-pave-diamond-mens-ring","mobile","358","244","68.16","56.8","1.18","252","345","31.84"
"2026-07-22","/products/paramount-pave-diamond-mens-ring","desktop","13","7","53.85","197.0","1.00","4","9","46.15"
"2026-07-22","/products/paramount-pave-diamond-mens-ring","mobile","371","228","61.46","53.2","1.14","244","354","38.54"
"2026-07-23","/","desktop","214","152","71.03","214.2","1.18","69","162","28.97"
"2026-07-23","/","mobile","946","586","61.95","125.3","1.39","287","835","38.05"
"2026-07-23","/checkout/cart","desktop","13","12","92.31","115.1","1.54","0","11","7.69"
"2026-07-23","/checkout/cart","mobile","332","316","95.18","52.7","1.29","10","311","4.82"
"2026-07-23","/collections/all-rings","desktop","1","0","0.00","5.8","1.00","1","1","100.00"
"2026-07-23","/collections/all-rings","mobile","203","76","37.44","33.5","1.13","87","198","62.56"
"2026-07-23","/collections/eterna","desktop","56","25","44.64","16.2","0.82","29","52","55.36"
"2026-07-23","/collections/eterna","mobile","717","442","61.65","79.0","1.39","122","664","38.35"
"2026-07-23","/products/corinthian-pave-diamond-mens-ring","desktop","7","1","14.29","6.7","0.71","3","5","85.71"
"2026-07-23","/products/corinthian-pave-diamond-mens-ring","mobile","297","191","64.31","73.4","1.17","215","287","35.69"
"2026-07-23","/products/paramount-pave-diamond-mens-ring","desktop","7","7","100.00","33.9","1.00","2","4","0.00"
"2026-07-23","/products/paramount-pave-diamond-mens-ring","mobile","311","204","65.59","46.7","1.17","213","304","34.41"
"2026-07-24","/","desktop","203","148","72.91","198.9","1.25","52","153","27.09"
"2026-07-24","/","mobile","1010","610","60.40","106.3","1.26","343","905","39.60"
"2026-07-24","/checkout/cart","desktop","13","12","92.31","51.3","1.77","0","12","7.69"
"2026-07-24","/checkout/cart","mobile","336","331","98.51","47.4","1.51","4","316","1.49"
"2026-07-24","/collections/all-rings","desktop","1","1","100.00","104.0","1.00","0","1","0.00"
"2026-07-24","/collections/all-rings","mobile","227","72","31.72","54.9","1.17","120","222","68.28"
"2026-07-24","/collections/eterna","desktop","27","19","70.37","150.8","1.30","4","25","29.63"
"2026-07-24","/collections/eterna","mobile","616","424","68.83","93.5","1.38","96","580","31.17"
"2026-07-24","/products/corinthian-pave-diamond-mens-ring","desktop","3","1","33.33","10.4","1.00","2","3","66.67"
"2026-07-24","/products/corinthian-pave-diamond-mens-ring","mobile","347","230","66.28","69.9","1.18","257","335","33.72"
"2026-07-24","/products/paramount-pave-diamond-mens-ring","desktop","9","4","44.44","25.4","0.78","2","7","55.56"
"2026-07-24","/products/paramount-pave-diamond-mens-ring","mobile","336","198","58.93","54.0","1.13","231","331","41.07"
"2026-07-25","/","desktop","186","144","77.42","247.4","1.42","49","124","22.58"
"2026-07-25","/","mobile","981","578","58.92","105.6","1.32","355","877","41.08"
"2026-07-25","/checkout/cart","desktop","23","22","95.65","107.0","1.87","0","15","4.35"
"2026-07-25","/checkout/cart","mobile","331","321","96.98","38.4","1.41","2","297","3.02"
"2026-07-25","/collections/all-rings","mobile","226","80","35.40","33.2","1.14","127","221","64.60"
"2026-07-25","/collections/eterna","desktop","13","11","84.62","9.4","1.00","1","12","15.38"
"2026-07-25","/collections/eterna","mobile","727","497","68.36","84.0","1.32","103","672","31.64"
"2026-07-25","/products/corinthian-pave-diamond-mens-ring","desktop","6","5","83.33","71.5","1.33","2","5","16.67"
"2026-07-25","/products/corinthian-pave-diamond-mens-ring","mobile","357","243","68.07","65.6","1.17","262","347","31.93"
"2026-07-25","/products/paramount-pave-diamond-mens-ring","desktop","16","9","56.25","123.4","0.81","7","13","43.75"
"2026-07-25","/products/paramount-pave-diamond-mens-ring","mobile","289","183","63.32","55.0","1.18","186","281","36.68"
"2026-07-26","/","desktop","80","49","61.25","184.0","1.36","33","57","38.75"
"2026-07-26","/","mobile","1067","665","62.32","112.3","1.26","384","955","37.68"
"2026-07-26","/checkout/cart","desktop","13","11","84.62","94.9","2.38","0","9","15.38"
"2026-07-26","/checkout/cart","mobile","364","356","97.80","41.3","1.36","3","343","2.20"
"2026-07-26","/collections/all-rings","mobile","237","83","35.02","158.9","1.14","146","232","64.98"
"2026-07-26","/collections/eterna","desktop","17","13","76.47","41.3","1.12","3","15","23.53"
"2026-07-26","/collections/eterna","mobile","743","484","65.14","94.8","1.34","104","680","34.86"
"2026-07-26","/products/corinthian-pave-diamond-mens-ring","desktop","7","4","57.14","151.4","1.00","5","6","42.86"
"2026-07-26","/products/corinthian-pave-diamond-mens-ring","mobile","412","266","64.56","70.5","1.17","318","398","35.44"
"2026-07-26","/products/paramount-pave-diamond-mens-ring","desktop","3","2","66.67","23.7","1.00","3","3","33.33"
"2026-07-26","/products/paramount-pave-diamond-mens-ring","mobile","332","203","61.14","65.5","1.15","244","326","38.86"
"2026-07-27","/","desktop","261","204","78.16","170.8","1.32","74","177","21.84"
"2026-07-27","/","mobile","1082","642","59.33","151.6","1.28","390","963","40.67"
"2026-07-27","/checkout/cart","desktop","33","30","90.91","83.2","1.85","0","22","9.09"
"2026-07-27","/checkout/cart","mobile","361","350","96.95","40.6","1.45","3","327","3.05"
"2026-07-27","/collections/all-rings","desktop","4","1","25.00","12.4","0.75","3","4","75.00"
"2026-07-27","/collections/all-rings","mobile","316","103","32.59","22.1","1.08","169","311","67.41"
"2026-07-27","/collections/eterna","desktop","41","30","73.17","199.5","1.10","16","38","26.83"
"2026-07-27","/collections/eterna","mobile","717","496","69.18","96.0","1.34","117","675","30.82"
"2026-07-27","/products/corinthian-pave-diamond-mens-ring","desktop","9","8","88.89","66.2","0.78","3","5","11.11"
"2026-07-27","/products/corinthian-pave-diamond-mens-ring","mobile","350","235","67.14","54.7","1.19","272","340","32.86"
"2026-07-27","/products/paramount-pave-diamond-mens-ring","desktop","17","14","82.35","269.8","1.24","0","12","17.65"
"2026-07-27","/products/paramount-pave-diamond-mens-ring","mobile","283","177","62.54","71.3","1.18","189","274","37.46"
"2026-07-28","/","desktop","263","200","76.05","249.3","1.36","83","187","23.95"
"2026-07-28","/","mobile","943","611","64.79","100.2","1.27","304","857","35.21"
"2026-07-28","/checkout/cart","desktop","20","19","95.00","354.0","2.40","1","18","5.00"
"2026-07-28","/checkout/cart","mobile","338","328","97.04","52.0","1.38","4","308","2.96"
"2026-07-28","/collections/all-rings","desktop","2","1","50.00","8.9","1.50","1","2","50.00"
"2026-07-28","/collections/all-rings","mobile","252","68","26.98","37.1","1.17","149","245","73.02"
"2026-07-28","/collections/eterna","desktop","33","20","60.61","111.7","1.12","7","29","39.39"
"2026-07-28","/collections/eterna","mobile","735","468","63.67","100.0","1.34","117","669","36.33"
"2026-07-28","/products/corinthian-pave-diamond-mens-ring","desktop","11","6","54.55","19.8","1.00","8","11","45.45"
"2026-07-28","/products/corinthian-pave-diamond-mens-ring","mobile","351","238","67.81","68.9","1.21","278","340","32.19"
"2026-07-28","/products/paramount-pave-diamond-mens-ring","desktop","11","10","90.91","342.4","1.18","4","10","9.09"
"2026-07-28","/products/paramount-pave-diamond-mens-ring","mobile","259","166","64.09","58.0","1.12","172","258","35.91"
"2026-07-29","/","desktop","263","185","70.34","203.5","1.32","74","180","29.66"
"2026-07-29","/","mobile","1006","625","62.13","93.6","1.25","340","898","37.87"
"2026-07-29","/checkout/cart","desktop","24","22","91.67","55.2","1.46","0","16","8.33"
"2026-07-29","/checkout/cart","mobile","334","324","97.01","54.0","1.38","3","303","2.99"
"2026-07-29","/collections/all-rings","mobile","225","76","33.78","48.0","1.21","130","224","66.22"
"2026-07-29","/collections/eterna","desktop","22","20","90.91","41.4","1.14","3","20","9.09"
"2026-07-29","/collections/eterna","mobile","749","491","65.55","150.7","1.34","118","688","34.45"
"2026-07-29","/products/corinthian-pave-diamond-mens-ring","desktop","8","7","87.50","41.6","0.88","4","6","12.50"
"2026-07-29","/products/corinthian-pave-diamond-mens-ring","mobile","337","221","65.58","64.9","1.18","249","319","34.42"
"2026-07-29","/products/paramount-pave-diamond-mens-ring","desktop","14","13","92.86","222.2","1.21","5","12","7.14"
"2026-07-29","/products/paramount-pave-diamond-mens-ring","mobile","254","169","66.54","98.5","1.19","165","250","33.46"
"2026-07-30","/","desktop","234","154","65.81","171.3","1.12","63","167","34.19"
"2026-07-30","/","mobile","1024","674","65.82","80.3","1.27","300","916","34.18"
"2026-07-30","/checkout/cart","desktop","20","20","100.00","54.0","1.85","0","16","0.00"
"2026-07-30","/checkout/cart","mobile","376","366","97.34","61.4","1.45","2","341","2.66"
"2026-07-30","/collections/all-rings","desktop","1","0","0.00","5.3","1.00","1","1","100.00"
"2026-07-30","/collections/all-rings","mobile","224","86","38.39","36.7","1.13","121","220","61.61"
"2026-07-30","/collections/eterna","desktop","18","13","72.22","22.9","1.28","6","16","27.78"
"2026-07-30","/collections/eterna","mobile","758","491","64.78","124.6","1.38","110","682","35.22"
"2026-07-30","/products/corinthian-pave-diamond-mens-ring","desktop","5","3","60.00","39.7","1.00","2","4","40.00"
"2026-07-30","/products/corinthian-pave-diamond-mens-ring","mobile","335","215","64.18","77.0","1.21","264","324","35.82"
"2026-07-30","/products/paramount-pave-diamond-mens-ring","desktop","10","9","90.00","86.1","0.70","1","6","10.00"
"2026-07-30","/products/paramount-pave-diamond-mens-ring","mobile","295","203","68.81","50.5","1.14","192","287","31.19"
"2026-07-31","/","desktop","230","169","73.48","166.9","1.27","68","165","26.52"
"2026-07-31","/","mobile","970","603","62.16","85.9","1.24","308","862","37.84"
"2026-07-31","/checkout/cart","desktop","27","23","85.19","73.0","2.30","1","23","14.81"
"2026-07-31","/checkout/cart","mobile","339","333","98.23","42.3","1.48","3","308","1.77"
"2026-07-31","/collections/all-rings","desktop","1","1","100.00","153.0","1.00","0","1","0.00"
"2026-07-31","/collections/all-rings","mobile","179","70","39.11","68.0","1.13","73","174","60.89"
"2026-07-31","/collections/eterna","desktop","17","13","76.47","123.0","1.29","3","15","23.53"
"2026-07-31","/collections/eterna","mobile","725","475","65.52","151.6","1.33","112","660","34.48"
"2026-07-31","/products/corinthian-pave-diamond-mens-ring","desktop","4","3","75.00","446.5","1.00","1","3","25.00"
"2026-07-31","/products/corinthian-pave-diamond-mens-ring","mobile","395","265","67.09","53.9","1.19","303","374","32.91"
"2026-07-31","/products/paramount-pave-diamond-mens-ring","desktop","8","7","87.50","14.9","0.88","2","7","12.50"
"2026-07-31","/products/paramount-pave-diamond-mens-ring","mobile","350","222","63.43","56.1","1.13","259","341","36.57"
"2026-08-01","/","desktop","171","127","74.27","194.4","1.27","42","128","25.73"
"2026-08-01","/","mobile","1002","678","67.66","129.7","1.27","282","870","32.34"
"2026-08-01","/checkout/cart","desktop","15","15","100.00","95.7","2.13","0","14","0.00"
"2026-08-01","/checkout/cart","mobile","344","331","96.22","48.9","1.33","5","323","3.78"
"2026-08-01","/collections/all-rings","mobile","133","52","39.10","46.3","1.21","54","129","60.90"
"2026-08-01","/collections/eterna","desktop","23","16","69.57","90.9","1.00","6","20","30.43"
"2026-08-01","/collections/eterna","mobile","832","551","66.23","89.3","1.32","122","763","33.77"
"2026-08-01","/products/corinthian-pave-diamond-mens-ring","desktop","3","3","100.00","404.8","1.33","1","3","0.00"
"2026-08-01","/products/corinthian-pave-diamond-mens-ring","mobile","433","295","68.13","72.4","1.22","337","420","31.87"
"2026-08-01","/products/paramount-pave-diamond-mens-ring","desktop","3","2","66.67","656.6","1.00","1","3","33.33"
"2026-08-01","/products/paramount-pave-diamond-mens-ring","mobile","301","187","62.13","49.1","1.13","197","291","37.87"
"2026-08-02","/","desktop","87","62","71.26","194.3","1.49","38","67","28.74"
"2026-08-02","/","mobile","1034","730","70.60","105.0","1.29","292","937","29.40"
"2026-08-02","/checkout/cart","desktop","11","10","90.91","52.7","2.00","0","8","9.09"
"2026-08-02","/checkout/cart","mobile","408","399","97.79","41.8","1.39","3","379","2.21"
"2026-08-02","/collections/all-rings","desktop","3","2","66.67","112.3","2.00","2","3","33.33"
"2026-08-02","/collections/all-rings","mobile","248","91","36.69","54.4","1.08","114","240","63.31"
"2026-08-02","/collections/eterna","desktop","15","8","53.33","20.1","0.93","5","14","46.67"
"2026-08-02","/collections/eterna","mobile","803","521","64.88","98.6","1.31","106","736","35.12"
"2026-08-02","/products/corinthian-pave-diamond-mens-ring","desktop","7","3","42.86","17.0","1.00","6","7","57.14"
"2026-08-02","/products/corinthian-pave-diamond-mens-ring","mobile","495","321","64.85","61.0","1.19","382","475","35.15"
"2026-08-02","/products/paramount-pave-diamond-mens-ring","desktop","3","0","0.00","4.0","1.00","3","3","100.00"
"2026-08-02","/products/paramount-pave-diamond-mens-ring","mobile","377","247","65.52","58.5","1.18","263","362","34.48"
"2026-08-03","/","desktop","285","210","73.68","198.6","1.42","118","220","26.32"
"2026-08-03","/","mobile","1246","788","63.24","97.2","1.26","428","1116","36.76"
"2026-08-03","/checkout/cart","desktop","45","36","80.00","113.4","2.93","0","29","20.00"
"2026-08-03","/checkout/cart","mobile","405","387","95.56","47.7","1.41","9","377","4.44"
"2026-08-03","/collections/all-rings","desktop","2","2","100.00","11.3","1.00","1","2","0.00"
"2026-08-03","/collections/all-rings","mobile","225","76","33.78","35.7","1.17","103","221","66.22"
"2026-08-03","/collections/eterna","desktop","26","18","69.23","113.3","1.88","6","24","30.77"
"2026-08-03","/collections/eterna","mobile","719","454","63.14","81.0","1.34","116","662","36.86"
"2026-08-03","/products/corinthian-pave-diamond-mens-ring","desktop","5","4","80.00","188.2","2.60","2","4","20.00"
"2026-08-03","/products/corinthian-pave-diamond-mens-ring","mobile","413","259","62.71","62.2","1.18","325","394","37.29"
"2026-08-03","/products/paramount-pave-diamond-mens-ring","desktop","9","6","66.67","179.5","0.78","0","6","33.33"
"2026-08-03","/products/paramount-pave-diamond-mens-ring","mobile","297","179","60.27","54.2","1.11","189","292","39.73"
"2026-08-04","/","desktop","293","203","69.28","164.6","1.20","94","225","30.72"
"2026-08-04","/","mobile","1151","762","66.20","92.2","1.31","412","1031","33.80"
"2026-08-04","/checkout/cart","desktop","22","17","77.27","97.4","2.50","0","17","22.73"
"2026-08-04","/checkout/cart","mobile","357","345","96.64","56.3","1.39","3","335","3.36"
"2026-08-04","/collections/all-rings","desktop","2","1","50.00","20.2","1.00","2","2","50.00"
"2026-08-04","/collections/all-rings","mobile","180","75","41.67","43.7","1.13","82","176","58.33"
"2026-08-04","/collections/eterna","desktop","27","23","85.19","41.2","1.26","4","22","14.81"
"2026-08-04","/collections/eterna","mobile","277","218","78.70","69.5","1.28","61","261","21.30"
"2026-08-04","/products/corinthian-pave-diamond-mens-ring","desktop","4","4","100.00","38.5","1.25","2","4","0.00"
"2026-08-04","/products/corinthian-pave-diamond-mens-ring","mobile","401","258","64.34","64.9","1.21","309","385","35.66"
"2026-08-04","/products/paramount-pave-diamond-mens-ring","desktop","15","12","80.00","83.4","0.93","3","11","20.00"
"2026-08-04","/products/paramount-pave-diamond-mens-ring","mobile","282","174","61.70","65.7","1.16","194","275","38.30"
"2026-08-05","/","desktop","277","199","71.84","233.9","1.26","78","189","28.16"
"2026-08-05","/","mobile","1211","769","63.50","132.0","1.33","465","1082","36.50"
"2026-08-05","/checkout/cart","desktop","29","28","96.55","84.2","1.86","1","25","3.45"
"2026-08-05","/checkout/cart","mobile","367","355","96.73","55.8","1.50","2","331","3.27"
"2026-08-05","/collections/all-rings","mobile","178","73","41.01","32.4","1.24","79","171","58.99"
"2026-08-05","/collections/eterna","desktop","18","17","94.44","140.0","1.83","2","14","5.56"
"2026-08-05","/collections/eterna","mobile","257","216","84.05","71.9","1.28","57","250","15.95"
"2026-08-05","/products/corinthian-pave-diamond-mens-ring","desktop","5","3","60.00","208.8","1.40","5","5","40.00"
"2026-08-05","/products/corinthian-pave-diamond-mens-ring","mobile","380","246","64.74","76.1","1.21","291","367","35.26"
"2026-08-05","/products/paramount-pave-diamond-mens-ring","desktop","9","8","88.89","118.9","1.22","5","8","11.11"
"2026-08-05","/products/paramount-pave-diamond-mens-ring","mobile","325","219","67.38","61.3","1.11","206","312","32.62"
"2026-08-06","/","desktop","238","177","74.37","148.5","1.19","69","170","25.63"
"2026-08-06","/","mobile","1124","763","67.88","119.5","1.34","400","996","32.12"
"2026-08-06","/checkout/cart","desktop","14","14","100.00","124.3","2.00","1","12","0.00"
"2026-08-06","/checkout/cart","mobile","339","329","97.05","61.7","1.35","2","314","2.95"
"2026-08-06","/collections/all-rings","desktop","3","3","100.00","158.1","1.33","1","2","0.00"
"2026-08-06","/collections/all-rings","mobile","136","55","40.44","47.2","1.13","55","135","59.56"
"2026-08-06","/collections/eterna","desktop","11","10","90.91","100.2","1.91","1","11","9.09"
"2026-08-06","/collections/eterna","mobile","280","235","83.93","148.3","1.24","56","264","16.07"
"2026-08-06","/products/corinthian-pave-diamond-mens-ring","desktop","5","4","80.00","16.3","1.00","4","5","20.00"
"2026-08-06","/products/corinthian-pave-diamond-mens-ring","mobile","334","212","63.47","72.1","1.21","259","322","36.53"
"2026-08-06","/products/paramount-pave-diamond-mens-ring","desktop","10","8","80.00","27.2","1.00","2","9","20.00"
"2026-08-06","/products/paramount-pave-diamond-mens-ring","mobile","260","167","64.23","40.6","1.12","185","254","35.77"
"2026-08-07","/","desktop","217","0","0.00","375.6","1.35","47","155","100.00"
"2026-08-07","/","mobile","820","5","0.61","136.2","1.13","144","717","99.39"
"2026-08-07","/checkout/cart","desktop","20","0","0.00","600.1","1.35","0","14","100.00"
"2026-08-07","/checkout/cart","mobile","297","6","2.02","233.0","1.41","3","289","97.98"
"2026-08-07","/collections/all-rings","desktop","1","0","0.00","0.0","1.00","1","1","100.00"
"2026-08-07","/collections/all-rings","mobile","148","1","0.68","46.4","1.00","52","142","99.32"
"2026-08-07","/collections/eterna","desktop","11","0","0.00","276.7","1.18","2","11","100.00"
"2026-08-07","/collections/eterna","mobile","278","2","0.72","170.2","1.13","50","258","99.28"
"2026-08-07","/products/corinthian-pave-diamond-mens-ring","desktop","7","0","0.00","213.3","1.00","3","7","100.00"
"2026-08-07","/products/corinthian-pave-diamond-mens-ring","mobile","386","0","0.00","75.2","1.04","264","370","100.00"
"2026-08-07","/products/paramount-pave-diamond-mens-ring","desktop","9","0","0.00","213.3","0.56","0","6","100.00"
"2026-08-07","/products/paramount-pave-diamond-mens-ring","mobile","220","1","0.45","72.6","1.05","158","216","99.55"
"2026-08-08","/","desktop","156","117","75.00","137.0","1.16","32","109","25.00"
"2026-08-08","/","mobile","988","606","61.34","79.1","1.24","325","892","38.66"
"2026-08-08","/checkout/cart","desktop","15","14","93.33","138.9","1.80","0","10","6.67"
"2026-08-08","/checkout/cart","mobile","285","279","97.89","70.3","1.29","2","274","2.11"
"2026-08-08","/collections/all-rings","desktop","1","1","100.00","22.8","1.00","0","1","0.00"
"2026-08-08","/collections/all-rings","mobile","176","64","36.36","42.3","1.13","85","174","63.64"
"2026-08-08","/collections/eterna","desktop","8","6","75.00","77.2","1.50","1","8","25.00"
"2026-08-08","/collections/eterna","mobile","272","224","82.35","77.1","1.22","66","261","17.65"
"2026-08-08","/products/corinthian-pave-diamond-mens-ring","desktop","5","3","60.00","11.8","0.80","1","4","40.00"
"2026-08-08","/products/corinthian-pave-diamond-mens-ring","mobile","312","211","67.63","72.7","1.22","243","302","32.37"
"2026-08-08","/products/paramount-pave-diamond-mens-ring","desktop","6","5","83.33","313.8","0.83","0","5","16.67"
"2026-08-08","/products/paramount-pave-diamond-mens-ring","mobile","199","131","65.83","47.5","1.19","135","194","34.17"
"2026-08-09","/","desktop","75","1","1.33","118.7","1.11","28","56","98.67"
"2026-08-09","/","mobile","982","4","0.41","155.4","1.28","315","891","99.59"
"2026-08-09","/checkout/cart","desktop","4","1","25.00","722.7","2.00","0","2","75.00"
"2026-08-09","/checkout/cart","mobile","360","15","4.17","192.3","1.38","6","323","95.83"
"2026-08-09","/collections/all-rings","desktop","1","0","0.00","60.3","1.00","0","1","100.00"
"2026-08-09","/collections/all-rings","mobile","209","0","0.00","53.7","1.03","93","205","100.00"
"2026-08-09","/collections/eterna","desktop","4","0","0.00","679.5","1.50","2","4","100.00"
"2026-08-09","/collections/eterna","mobile","289","3","1.04","156.7","1.08","63","277","98.96"
"2026-08-09","/products/corinthian-pave-diamond-mens-ring","desktop","5","0","0.00","51.2","1.20","3","4","100.00"
"2026-08-09","/products/corinthian-pave-diamond-mens-ring","mobile","310","1","0.32","53.0","1.07","233","305","99.68"
"2026-08-09","/products/paramount-pave-diamond-mens-ring","desktop","2","0","0.00","17.1","1.00","1","2","100.00"
"2026-08-09","/products/paramount-pave-diamond-mens-ring","mobile","205","0","0.00","43.6","1.01","137","201","100.00"
"2026-08-10","/","desktop","291","203","69.76","204.3","1.18","75","202","30.24"
"2026-08-10","/","mobile","1121","670","59.77","88.4","1.25","454","1008","40.23"
"2026-08-10","/checkout/cart","desktop","17","16","94.12","49.3","1.59","1","15","5.88"
"2026-08-10","/checkout/cart","mobile","353","341","96.60","74.5","1.36","4","323","3.40"
"2026-08-10","/collections/all-rings","desktop","1","0","0.00","5.4","1.00","1","1","100.00"
"2026-08-10","/collections/all-rings","mobile","178","76","42.70","71.7","1.21","93","169","57.30"
"2026-08-10","/collections/eterna","desktop","4","4","100.00","92.6","1.00","1","4","0.00"
"2026-08-10","/collections/eterna","mobile","245","194","79.18","78.5","1.22","47","231","20.82"
"2026-08-10","/products/corinthian-pave-diamond-mens-ring","desktop","8","3","37.50","127.6","0.88","3","7","62.50"
"2026-08-10","/products/corinthian-pave-diamond-mens-ring","mobile","281","193","68.68","80.8","1.27","208","271","31.32"
"2026-08-10","/products/paramount-pave-diamond-mens-ring","desktop","7","5","71.43","292.1","1.00","1","7","28.57"
"2026-08-10","/products/paramount-pave-diamond-mens-ring","mobile","190","125","65.79","52.3","1.16","143","186","34.21"
"2026-08-11","/","desktop","257","204","79.38","221.6","1.53","73","183","20.62"
"2026-08-11","/","mobile","1152","742","64.41","100.9","1.30","344","1021","35.59"
"2026-08-11","/checkout/cart","desktop","33","31","93.94","81.0","1.91","2","26","6.06"
"2026-08-11","/checkout/cart","mobile","345","340","98.55","68.8","1.46","3","312","1.45"
"2026-08-11","/collections/all-rings","desktop","1","1","100.00","10.6","1.00","0","1","0.00"
"2026-08-11","/collections/all-rings","mobile","194","77","39.69","21.9","1.11","110","189","60.31"
"2026-08-11","/collections/eterna","desktop","17","15","88.24","31.4","0.88","2","16","11.76"
"2026-08-11","/collections/eterna","mobile","307","248","80.78","155.7","1.25","54","291","19.22"
"2026-08-11","/products/corinthian-pave-diamond-mens-ring","desktop","5","5","100.00","112.2","1.00","3","5","0.00"
"2026-08-11","/products/corinthian-pave-diamond-mens-ring","mobile","288","181","62.85","59.2","1.24","227","280","37.15"
"2026-08-11","/products/paramount-pave-diamond-mens-ring","desktop","6","5","83.33","55.6","0.83","3","5","16.67"
"2026-08-11","/products/paramount-pave-diamond-mens-ring","mobile","257","154","59.92","29.3","1.11","202","256","40.08"
"2026-08-12","/","desktop","315","229","72.70","197.0","1.26","85","204","27.30"
"2026-08-12","/","mobile","1043","705","67.59","110.7","1.34","307","944","32.41"
"2026-08-12","/checkout/cart","desktop","23","22","95.65","271.3","2.87","0","16","4.35"
"2026-08-12","/checkout/cart","mobile","293","285","97.27","48.8","1.32","2","279","2.73"
"2026-08-12","/collections/all-rings","mobile","180","59","32.78","34.2","1.17","87","174","67.22"
"2026-08-12","/collections/eterna","desktop","20","16","80.00","39.2","1.35","3","18","20.00"
"2026-08-12","/collections/eterna","mobile","339","271","79.94","67.4","1.23","58","321","20.06"
"2026-08-12","/products/corinthian-pave-diamond-mens-ring","desktop","6","6","100.00","53.1","1.00","3","5","0.00"
"2026-08-12","/products/corinthian-pave-diamond-mens-ring","mobile","287","178","62.02","52.7","1.20","213","276","37.98"
"2026-08-12","/products/paramount-pave-diamond-mens-ring","desktop","2","2","100.00","87.3","1.00","1","2","0.00"
"2026-08-12","/products/paramount-pave-diamond-mens-ring","mobile","255","156","61.18","56.7","1.14","189","254","38.82"
